,Age,Height,Weight,FCVC,NCP,CH2O,FAF,TUE
Age,1.0,-0.033328824959195494,0.21053419140651364,0.014814781616820254,-0.06122397508602131,-0.04646098765960764,-0.15423574372593352,-0.3059102401140257
Height,-0.033328824959195494,1.0,0.4567817034835171,-0.0402104004405534,0.2285255007327411,0.21950239265163962,0.2950076028166592,0.04282063391051979
Weight,0.21053419140651364,0.4567817034835171,1.0,0.21528728628232974,0.09162658775379316,0.20391868864036683,-0.05727421243874901,-0.07962061389417278
FCVC,0.014814781616820254,-0.0402104004405534,0.21528728628232974,1.0,0.03488478318474718,0.08133169842058924,0.02200297891739407,-0.10412757829081512
NCP,-0.06122397508602131,0.2285255007327411,0.09162658775379316,0.03488478318474718,1.0,0.07533536188831351,0.1278163971065443,0.015693081888617073
CH2O,-0.04646098765960764,0.21950239265163962,0.20391868864036683,0.08133169842058924,0.07533536188831351,1.0,0.1653099542937893,0.020704413536427678
FAF,-0.15423574372593352,0.2950076028166592,-0.05727421243874901,0.02200297891739407,0.1278163971065443,0.1653099542937893,1.0,0.05871604033441016
TUE,-0.3059102401140257,0.04282063391051979,-0.07962061389417278,-0.10412757829081512,0.015693081888617073,0.020704413536427678,0.05871604033441016,1.0
